[
    {
        "CourseVendor": "Amazon"
    },
    {
        "CourseVendor": "CompTIA"
    },
    {
        "CourseVendor": "Citrix"
    },
    {
        "CourseVendor": "Cisco"
    },
    {
        "CourseVendor": "Microsoft"
    },
    {
        "CourseVendor": "Red Hat"
    },
    {
        "CourseVendor": "Professional Development"
    },
    {
        "CourseVendor": "DevOps"
    },
    {
        "CourseVendor": "ITIL"
    },
    {
        "CourseVendor": "Oracle"
    },
    {
        "CourseVendor": "Management Of Value"
    },
    {
        "CourseVendor": "Managing Successful Programmes (MSP)"
    },
    {
        "CourseVendor": "Project Management Institute (PMI)"
    },
    {
        "CourseVendor": "Generic Project & Programme Management"
    },
    {
        "CourseVendor": "Generic Business Systems Development"
    },
    {
        "CourseVendor": "Cyber"
    },
    {
        "CourseVendor": "Voice and Data Communications"
    },
    {
        "CourseVendor": "Google"
    },
    {
        "CourseVendor": "Association for Project Management (APM)"
    },
    {
        "CourseVendor": "BCS Business Systems"
    },
    {
        "CourseVendor": "Check Point"
    },
    {
        "CourseVendor": "Worldsview"
    },
    {
        "CourseVendor": "Management Of Risk"
    },
    {
        "CourseVendor": "PRINCE2 (R)"
    },
    {
        "CourseVendor": "C, C++, COBOL"
    },
    {
        "CourseVendor": "Digital Transformations"
    },
    {
        "CourseVendor": "Autodesk"
    },
    {
        "CourseVendor": "Institute of Leadership and Management"
    },
    {
        "CourseVendor": "BSD Testing Skills"
    },
    {
        "CourseVendor": "Agile and Scrum"
    },
    {
        "CourseVendor": "Lean Six Sigma"
    },
    {
        "CourseVendor": "Cloud"
    },
    {
        "CourseVendor": "Multi-vendor UNIX"
    },
    {
        "CourseVendor": "Programme and Project Sponsorship"
    },
    {
        "CourseVendor": "Adobe"
    },
    {
        "CourseVendor": "Management of Portfolios"
    },
    {
        "CourseVendor": "APMG"
    },
    {
        "CourseVendor": "Apple"
    },
    {
        "CourseVendor": "Ruby"
    },
    {
        "CourseVendor": "Internet Technologies"
    },
    {
        "CourseVendor": "Managing Benefits"
    },
    {
        "CourseVendor": "The Open Group"
    },
    {
        "CourseVendor": "Chartered Management Institute"
    },
    {
        "CourseVendor": "P30(R) Portfolio Programme & Project Off"
    },
    {
        "CourseVendor": "Project Planning and Control"
    },
    {
        "CourseVendor": "ISO"
    },
    {
        "CourseVendor": "Database and Business Intelligence"
    },
    {
        "CourseVendor": "COBIT"
    },
    {
        "CourseVendor": "Principles of Change Management"
    },
    {
        "CourseVendor": "Linux"
    },
    {
        "CourseVendor": "IACCM"
    },
    {
        "CourseVendor": "Crystal Reports"
    },
    {
        "CourseVendor": "Inspire"
    },
    {
        "CourseVendor": "Service Desk Institute (SDI)"
    },
    {
        "CourseVendor": "Java"
    },
    {
        "CourseVendor": "Symantec"
    },
    {
        "CourseVendor": "SolidQ"
    },
    {
        "CourseVendor": "TAP"
    },
    {
        "CourseVendor": "Applications Programming"
    },
    {
        "CourseVendor": "VMWARE"
    },
    {
        "CourseVendor": "VeriSM"
    },
    {
        "CourseVendor": "BCS Enterprise Architecture"
    },
    {
        "CourseVendor": "BRMP"
    },
    {
        "CourseVendor": "Scala"
    },
    {
        "CourseVendor": "SalesForce.com"
    },
    {
        "CourseVendor": "Perl Python"
    }
]